"GO.ID"	"Term"	"Annotated"	"Significant"	"Expected"	"resultFisher"	"resultFisher_padj"	"Cluster"	"Ontology"
"1"	"GO:0000018"	"regulation of DNA recombination"	48	42	33.21	"0.00276"	0.164138823529412	2	"BP"
"2"	"GO:0000018"	"regulation of DNA recombination"	48	48	44.69	"0.03197"	1	1	"BP"
"3"	"GO:0000122"	"negative regulation of transcription by ..."	430	410	400.32	"0.03164"	1	1	"BP"
"4"	"GO:0000184"	"nuclear-transcribed mRNA catabolic proce..."	17	16	11.76	"0.01625"	0.530621818181818	2	"BP"
"5"	"GO:0000226"	"microtubule cytoskeleton organization"	296	267	252.09	"0.00674"	1	5	"BP"
"6"	"GO:0000226"	"microtubule cytoskeleton organization"	296	269	241.31	"0.01602"	1	7	"BP"
"7"	"GO:0000278"	"mitotic cell cycle"	441	431	410.56	"0.00026"	0.0486777777777778	1	"BP"
"8"	"GO:0000288"	"nuclear-transcribed mRNA catabolic proce..."	27	23	18.68	"0.04910"	1	2	"BP"
"9"	"GO:0000303"	"response to superoxide"	18	18	14.84	"0.03077"	1	3	"BP"
"10"	"GO:0000956"	"nuclear-transcribed mRNA catabolic proce..."	54	54	50.27	"0.02076"	0.980764485981308	1	"BP"
"11"	"GO:0000959"	"mitochondrial RNA metabolic process"	21	21	17.88	"0.03417"	1	5	"BP"
"12"	"GO:0001508"	"action potential"	68	63	56.05	"0.01327"	1	3	"BP"
"13"	"GO:0001570"	"vasculogenesis"	48	46	39.57	"0.00577"	1	3	"BP"
"14"	"GO:0001656"	"metanephros development"	45	43	36.69	"0.00095"	0.480225	7	"BP"
"15"	"GO:0001678"	"cellular glucose homeostasis"	86	86	80.06	"0.00207"	0.237814772727273	1	"BP"
"16"	"GO:0001702"	"gastrulation with mouth forming second"	17	17	13.86	"0.03093"	1	7	"BP"
"17"	"GO:0001738"	"morphogenesis of a polarized epithelium"	44	41	36.27	"0.03659"	1	3	"BP"
"18"	"GO:0001764"	"neuron migration"	79	71	64.4	"0.03151"	1	7	"BP"
"19"	"GO:0001773"	"myeloid dendritic cell activation"	22	21	15.22	"0.00323"	0.181418333333333	2	"BP"
"20"	"GO:0001776"	"leukocyte homeostasis"	59	49	40.82	"0.01177"	0.444914338235294	2	"BP"
"21"	"GO:0001782"	"B cell homeostasis"	21	21	17.88	"0.03417"	1	5	"BP"
"22"	"GO:0001816"	"cytokine production"	415	350	287.09	"0.01846"	0.562140361445783	2	"BP"
"23"	"GO:0001817"	"regulation of cytokine production"	376	365	350.04	"0.02739"	1	1	"BP"
"24"	"GO:0001818"	"negative regulation of cytokine producti..."	139	112	96.16	"0.00308"	0.178912921348315	2	"BP"
"25"	"GO:0001824"	"blastocyst development"	61	52	42.2	"0.00315"	0.178912921348315	2	"BP"
"26"	"GO:0001837"	"epithelial to mesenchymal transition"	71	71	66.1	"0.00610"	0.474392307692308	1	"BP"
"27"	"GO:0001909"	"leukocyte mediated cytotoxicity"	68	64	57.91	"0.03542"	1	5	"BP"
"28"	"GO:0001909"	"leukocyte mediated cytotoxicity"	68	68	63.31	"0.00757"	0.547384285714286	1	"BP"
"29"	"GO:0001934"	"positive regulation of protein phosphory..."	547	538	527.7	"0.03242"	1	4	"BP"
"30"	"GO:0001959"	"regulation of cytokine-mediated signalin..."	76	75	70.75	"0.04326"	1	1	"BP"
"31"	"GO:0002040"	"sprouting angiogenesis"	78	78	72.62	"0.00368"	0.332185714285714	1	"BP"
"32"	"GO:0002064"	"epithelial cell development"	114	112	106.13	"0.01250"	0.734333870967742	1	"BP"
"33"	"GO:0002088"	"lens development in camera-type eye"	39	38	32.15	"0.00491"	0.998868	3	"BP"
"34"	"GO:0002224"	"toll-like receptor signaling pathway"	64	61	54.51	"0.03877"	1	5	"BP"
"35"	"GO:0002237"	"response to molecule of bacterial origin"	206	180	142.51	"0.03271"	0.81053455882353	2	"BP"
"36"	"GO:0002250"	"adaptive immune response"	211	184	145.97	"0.00053"	0.0525323529411765	2	"BP"
"37"	"GO:0002252"	"immune effector process"	404	394	376.11	"0.00921"	0.637339864864865	1	"BP"
"38"	"GO:0002253"	"activation of immune response"	209	195	177.99	"0.02352"	1	5	"BP"
"39"	"GO:0002253"	"activation of immune response"	209	204	194.57	"0.04728"	1	1	"BP"
"40"	"GO:0002262"	"myeloid cell homeostasis"	92	92	88.75	"0.03606"	1	4	"BP"
"41"	"GO:0002274"	"myeloid leukocyte activation"	117	113	99.64	"0.00015"	0.15165	5	"BP"
"42"	"GO:0002313"	"mature B cell differentiation involved i..."	11	11	7.61	"0.01732"	0.530621818181818	2	"BP"
"43"	"GO:0002363"	"alpha-beta T cell lineage commitment"	11	11	7.61	"0.01732"	0.530621818181818	2	"BP"
"44"	"GO:0002369"	"T cell cytokine production"	28	25	19.37	"0.01240"	0.45094964028777	2	"BP"
"45"	"GO:0002374"	"cytokine secretion involved in immune re..."	17	17	11.76	"0.00189"	0.125709868421053	2	"BP"
"46"	"GO:0002428"	"antigen processing and presentation of p..."	14	14	9.68	"0.00572"	0.28072427184466	2	"BP"
"47"	"GO:0002440"	"production of molecular mediator of immu..."	127	108	87.86	"0.01631"	0.530621818181818	2	"BP"
"48"	"GO:0002507"	"tolerance induction"	19	19	16.18	"0.04715"	1	5	"BP"
"49"	"GO:0002684"	"positive regulation of immune system pro..."	494	488	476.57	"0.03897"	1	4	"BP"
"50"	"GO:0002697"	"regulation of immune effector process"	227	209	193.32	"0.02143"	1	5	"BP"
"51"	"GO:0002704"	"negative regulation of leukocyte mediate..."	32	29	22.14	"0.01689"	0.530621818181818	2	"BP"
"52"	"GO:0002709"	"regulation of T cell mediated immunity"	48	48	45.02	"0.04552"	1	8	"BP"
"53"	"GO:0002792"	"negative regulation of peptide secretion"	75	75	70.34	"0.00795"	1	8	"BP"
"54"	"GO:0002821"	"positive regulation of adaptive immune r..."	74	73	69.4	"0.02894"	1	8	"BP"
"55"	"GO:0002824"	"positive regulation of adaptive immune r..."	71	65	58.53	"0.01613"	1	3	"BP"
"56"	"GO:0002831"	"regulation of response to biotic stimulu..."	86	72	59.49	"0.00396"	0.212955319148936	2	"BP"
"57"	"GO:0002831"	"regulation of response to biotic stimulu..."	86	85	80.06	"0.02507"	1	1	"BP"
"58"	"GO:0003002"	"regionalization"	168	149	136.96	"0.00555"	1	7	"BP"
"59"	"GO:0003016"	"respiratory system process"	18	18	14.84	"0.03077"	1	3	"BP"
"60"	"GO:0003151"	"outflow tract morphogenesis"	39	37	32.15	"0.02274"	1	3	"BP"
"61"	"GO:0003156"	"regulation of animal organ formation"	18	18	14.84	"0.03077"	1	3	"BP"
"62"	"GO:0003158"	"endothelium development"	65	61	53.58	"0.00664"	1	3	"BP"
"63"	"GO:0003206"	"cardiac chamber morphogenesis"	78	72	64.3	"0.01036"	1	3	"BP"
"64"	"GO:0003206"	"cardiac chamber morphogenesis"	78	73	63.59	"0.00371"	1	7	"BP"
"65"	"GO:0003229"	"ventricular cardiac muscle tissue develo..."	34	32	28.03	"0.04705"	1	3	"BP"
"66"	"GO:0003333"	"amino acid transmembrane transport"	42	40	35.77	"0.04022"	1	5	"BP"
"67"	"GO:0003341"	"cilium movement"	43	42	36.62	"0.00840"	1	5	"BP"
"68"	"GO:0003341"	"cilium movement"	43	43	35.45	"0.00024"	0.4044	3	"BP"
"69"	"GO:0003341"	"cilium movement"	43	43	40.03	"0.04581"	1	1	"BP"
"70"	"GO:0003382"	"epithelial cell morphogenesis"	21	21	17.88	"0.03417"	1	5	"BP"
"71"	"GO:0005977"	"glycogen metabolic process"	42	39	34.24	"0.03510"	1	7	"BP"
"72"	"GO:0006022"	"aminoglycan metabolic process"	55	55	51.2	"0.01932"	0.957476470588235	1	"BP"
"73"	"GO:0006023"	"aminoglycan biosynthetic process"	30	26	20.75	"0.02417"	0.680522580645161	2	"BP"
"74"	"GO:0006073"	"cellular glucan metabolic process"	42	40	34.62	"0.00651"	1	3	"BP"
"75"	"GO:0006101"	"citrate metabolic process"	17	17	13.86	"0.03093"	1	7	"BP"
"76"	"GO:0006112"	"energy reserve metabolic process"	47	45	38.74	"0.00674"	1	3	"BP"
"77"	"GO:0006221"	"pyrimidine nucleotide biosynthetic proce..."	25	22	17.29	"0.02730"	0.7187578125	2	"BP"
"78"	"GO:0006259"	"DNA metabolic process"	466	397	322.37	"0.02670"	0.706641361256545	2	"BP"
"79"	"GO:0006260"	"DNA replication"	139	138	129.4	"0.00075"	0.1184765625	1	"BP"
"80"	"GO:0006260"	"DNA replication"	139	138	134.09	"0.04019"	1	4	"BP"
"81"	"GO:0006270"	"DNA replication initiation"	15	15	12.23	"0.04658"	1	7	"BP"
"82"	"GO:0006281"	"DNA repair"	234	197	161.88	"0.00114"	0.0867649253731343	2	"BP"
"83"	"GO:0006298"	"mismatch repair"	15	15	12.23	"0.04658"	1	7	"BP"
"84"	"GO:0006346"	"methylation-dependent chromatin silencin..."	12	12	8.3	"0.01197"	0.444914338235294	2	"BP"
"85"	"GO:0006356"	"regulation of transcription by RNA polym..."	16	15	11.07	"0.02228"	0.658628070175439	2	"BP"
"86"	"GO:0006366"	"transcription by RNA polymerase II"	1024	756	708.38	"0.00096"	0.0770285714285714	2	"BP"
"87"	"GO:0006383"	"transcription by RNA polymerase III"	25	24	20.38	"0.04018"	1	7	"BP"
"88"	"GO:0006403"	"RNA localization"	104	104	96.82	"0.00253"	0.270653125	1	"BP"
"89"	"GO:0006470"	"protein dephosphorylation"	181	176	168.5	"0.01186"	0.730234337349398	1	"BP"
"90"	"GO:0006471"	"protein ADP-ribosylation"	22	20	15.22	"0.01698"	0.530621818181818	2	"BP"
"91"	"GO:0006482"	"protein demethylation"	17	17	13.86	"0.03093"	1	7	"BP"
"92"	"GO:0006633"	"fatty acid biosynthetic process"	77	71	62.77	"0.00076"	0.426866666666667	7	"BP"
"93"	"GO:0006635"	"fatty acid beta-oxidation"	35	35	28.85	"0.00114"	0.6403	3	"BP"
"94"	"GO:0006720"	"isoprenoid metabolic process"	42	40	34.62	"0.01452"	1	3	"BP"
"95"	"GO:0006749"	"glutathione metabolic process"	36	34	29.68	"0.03530"	1	3	"BP"
"96"	"GO:0006790"	"sulfur compound metabolic process"	148	130	120.66	"0.02101"	1	7	"BP"
"97"	"GO:0006805"	"xenobiotic metabolic process"	43	41	35.06	"0.00864"	1	7	"BP"
"98"	"GO:0006805"	"xenobiotic metabolic process"	43	41	36.62	"0.03567"	1	5	"BP"
"99"	"GO:0006814"	"sodium ion transport"	95	87	78.31	"0.03662"	1	3	"BP"
"100"	"GO:0006869"	"lipid transport"	173	173	166.89	"0.01889"	1	4	"BP"
"101"	"GO:0006913"	"nucleocytoplasmic transport"	166	139	114.84	"0.00046"	0.046506	2	"BP"
"102"	"GO:0006913"	"nucleocytoplasmic transport"	166	164	154.54	"0.00200"	0.236291860465116	1	"BP"
"103"	"GO:0006919"	"activation of cysteine-type endopeptidas..."	49	43	33.9	"0.00216"	0.138212658227848	2	"BP"
"104"	"GO:0006941"	"striated muscle contraction"	79	75	65.12	"0.00091"	0.57500625	3	"BP"
"105"	"GO:0006953"	"acute-phase response"	25	25	21.29	"0.01794"	1	5	"BP"
"106"	"GO:0006954"	"inflammatory response"	372	339	316.81	"0.04686"	1	5	"BP"
"107"	"GO:0006954"	"inflammatory response"	372	361	346.32	"0.00109"	0.153054166666667	1	"BP"
"108"	"GO:0006954"	"inflammatory response"	372	362	348.87	"0.00656"	1	8	"BP"
"109"	"GO:0006954"	"inflammatory response"	372	366	358.87	"0.04017"	1	4	"BP"
"110"	"GO:0006954"	"inflammatory response"	372	371	365.87	"0.0199"	1	6	"BP"
"111"	"GO:0006955"	"immune response"	724	669	616.59	"0.01769"	1	5	"BP"
"112"	"GO:0006959"	"humoral immune response"	80	75	68.13	"0.01403"	1	5	"BP"
"113"	"GO:0006984"	"ER-nucleus signaling pathway"	20	19	13.84	"0.00620"	0.292906542056075	2	"BP"
"114"	"GO:0006986"	"response to unfolded protein"	61	52	42.2	"0.04351"	0.9646625	2	"BP"
"115"	"GO:0006997"	"nucleus organization"	63	54	43.58	"0.00201"	0.130263461538462	2	"BP"
"116"	"GO:0007019"	"microtubule depolymerization"	17	17	13.86	"0.03093"	1	7	"BP"
"117"	"GO:0007035"	"vacuolar acidification"	14	13	9.68	"0.04149"	0.928017477876106	2	"BP"
"118"	"GO:0007043"	"cell-cell junction assembly"	65	60	52.99	"0.01236"	1	7	"BP"
"119"	"GO:0007050"	"cell cycle arrest"	86	86	82.96	"0.04483"	1	4	"BP"
"120"	"GO:0007051"	"spindle organization"	85	85	79.13	"0.00222"	0.24938	1	"BP"
"121"	"GO:0007059"	"chromosome segregation"	171	150	118.29	"0.04029"	0.928017477876106	2	"BP"
"122"	"GO:0007094"	"mitotic spindle assembly checkpoint"	24	22	16.6	"0.00952"	0.397715702479339	2	"BP"
"123"	"GO:0007094"	"mitotic spindle assembly checkpoint"	24	24	20.44	"0.02108"	1	5	"BP"
"124"	"GO:0007156"	"homophilic cell adhesion via plasma memb..."	56	53	45.65	"0.00438"	1	7	"BP"
"125"	"GO:0007163"	"establishment or maintenance of cell pol..."	110	110	106.12	"0.03713"	1	4	"BP"
"126"	"GO:0007186"	"G protein-coupled receptor signaling pat..."	523	458	431.12	"0.00077"	0.55605	3	"BP"
"127"	"GO:0007186"	"G protein-coupled receptor signaling pat..."	523	509	490.48	"0.00029"	0.3664875	8	"BP"
"128"	"GO:0007186"	"G protein-coupled receptor signaling pat..."	523	514	504.54	"0.00926"	1	4	"BP"
"129"	"GO:0007186"	"G protein-coupled receptor signaling pat..."	523	520	514.38	"0.0490"	1	6	"BP"
"130"	"GO:0007215"	"glutamate receptor signaling pathway"	35	33	28.85	"0.04078"	1	3	"BP"
"131"	"GO:0007219"	"Notch signaling pathway"	99	91	80.71	"0.00510"	1	7	"BP"
"132"	"GO:0007219"	"Notch signaling pathway"	99	97	92.17	"0.02881"	1	1	"BP"
"133"	"GO:0007224"	"smoothened signaling pathway"	72	68	58.7	"0.00141"	0.647959090909091	7	"BP"
"134"	"GO:0007224"	"smoothened signaling pathway"	72	68	59.35	"0.00250"	0.773117647058824	3	"BP"
"135"	"GO:0007249"	"I-kappaB kinase/NF-kappaB signaling"	129	105	89.24	"0.00115"	0.0867649253731343	2	"BP"
"136"	"GO:0007259"	"JAK-STAT cascade"	72	61	49.81	"0.00193"	0.126703246753247	2	"BP"
"137"	"GO:0007264"	"small GTPase mediated signal transductio..."	288	280	268.12	"0.00089"	0.132322058823529	1	"BP"
"138"	"GO:0007283"	"spermatogenesis"	232	230	223.81	"0.01019"	1	4	"BP"
"139"	"GO:0007292"	"female gamete generation"	78	62	53.96	"0.02542"	0.683500531914894	2	"BP"
"140"	"GO:0007339"	"binding of sperm to zona pellucida"	14	13	9.68	"0.04149"	0.928017477876106	2	"BP"
"141"	"GO:0007368"	"determination of left/right symmetry"	62	58	50.55	"0.00627"	1	7	"BP"
"142"	"GO:0007389"	"pattern specification process"	213	191	175.58	"0.00260"	0.773117647058824	3	"BP"
"143"	"GO:0007405"	"neuroblast proliferation"	27	26	22.01	"0.02849"	1	7	"BP"
"144"	"GO:0007431"	"salivary gland development"	29	28	23.91	"0.02631"	1	3	"BP"
"145"	"GO:0007584"	"response to nutrient"	126	123	117.3	"0.02204"	1	1	"BP"
"146"	"GO:0007586"	"digestion"	53	51	45.14	"0.01031"	1	5	"BP"
"147"	"GO:0007610"	"behavior"	301	300	290.38	"0.00087"	1	4	"BP"
"148"	"GO:0007626"	"locomotory behavior"	107	95	87.23	"0.01819"	1	7	"BP"
"149"	"GO:0008016"	"regulation of heart contraction"	101	96	83.26	"0.00561"	1	3	"BP"
"150"	"GO:0008033"	"tRNA processing"	64	60	52.18	"0.00468"	1	7	"BP"
"151"	"GO:0008285"	"negative regulation of cell proliferatio..."	372	328	306.65	"0.00032"	0.4044	3	"BP"
"152"	"GO:0008593"	"regulation of Notch signaling pathway"	43	41	35.45	"0.01247"	1	3	"BP"
"153"	"GO:0008608"	"attachment of spindle microtubules to ki..."	18	17	12.45	"0.01181"	0.444914338235294	2	"BP"
"154"	"GO:0008625"	"extrinsic apoptotic signaling pathway vi..."	45	37	31.13	"0.03647"	0.861475934579439	2	"BP"
"155"	"GO:0008630"	"intrinsic apoptotic signaling pathway in..."	58	50	40.12	"0.00226"	0.14280375	2	"BP"
"156"	"GO:0009062"	"fatty acid catabolic process"	46	44	37.5	"0.00528"	1	7	"BP"
"157"	"GO:0009063"	"cellular amino acid catabolic process"	55	50	44.84	"0.04410"	1	7	"BP"
"158"	"GO:0009142"	"nucleoside triphosphate biosynthetic pro..."	94	93	87.51	"0.00933"	0.637339864864865	1	"BP"
"159"	"GO:0009154"	"purine ribonucleotide catabolic process"	15	15	12.23	"0.04658"	1	7	"BP"
"160"	"GO:0009156"	"ribonucleoside monophosphate biosyntheti..."	92	91	85.65	"0.01058"	0.695226623376623	1	"BP"
"161"	"GO:0009266"	"response to temperature stimulus"	94	74	65.03	"0.02571"	0.687640476190476	2	"BP"
"162"	"GO:0009409"	"response to cold"	29	28	23.91	"0.02631"	1	3	"BP"
"163"	"GO:0009411"	"response to UV"	72	57	49.81	"0.03973"	0.925507603686636	2	"BP"
"164"	"GO:0009611"	"response to wounding"	295	292	284.59	"0.04405"	1	4	"BP"
"165"	"GO:0009615"	"response to virus"	183	179	170.37	"0.00364"	0.332185714285714	1	"BP"
"166"	"GO:0009617"	"response to bacterium"	375	323	309.12	"0.04364"	1	3	"BP"
"167"	"GO:0009636"	"response to toxic substance"	291	285	272.91	"0.00149"	1	8	"BP"
"168"	"GO:0009755"	"hormone-mediated signaling pathway"	88	81	71.74	"0.00614"	1	7	"BP"
"169"	"GO:0009791"	"post-embryonic development"	62	56	50.55	"0.04443"	1	7	"BP"
"170"	"GO:0009896"	"positive regulation of catabolic process"	257	254	239.26	"0.00106"	0.153054166666667	1	"BP"
"171"	"GO:0009914"	"hormone transport"	182	181	175.58	"0.01054"	1	4	"BP"
"172"	"GO:0009967"	"positive regulation of signal transducti..."	812	775	755.94	"0.00508"	0.42799	1	"BP"
"173"	"GO:0010038"	"response to metal ion"	204	199	191.32	"0.01530"	1	8	"BP"
"174"	"GO:0010212"	"response to ionizing radiation"	90	73	62.26	"0.00747"	0.328355217391304	2	"BP"
"175"	"GO:0010212"	"response to ionizing radiation"	90	89	83.79	"0.01199"	0.730234337349398	1	"BP"
"176"	"GO:0010256"	"endomembrane system organization"	210	207	195.5	"0.00020"	0.042125	1	"BP"
"177"	"GO:0010467"	"gene expression"	2435	2325	2266.9	"0.01294"	0.734333870967742	1	"BP"
"178"	"GO:0010469"	"regulation of signaling receptor activit..."	270	241	229.94	"0.02952"	1	5	"BP"
"179"	"GO:0010469"	"regulation of signaling receptor activit..."	270	263	253.21	"0.00462"	1	8	"BP"
"180"	"GO:0010469"	"regulation of signaling receptor activit..."	270	267	260.47	"0.01241"	1	4	"BP"
"181"	"GO:0010498"	"proteasomal protein catabolic process"	258	204	178.48	"0.00037"	0.038965625	2	"BP"
"182"	"GO:0010499"	"proteasomal ubiquitin-independent protei..."	21	21	17.88	"0.03417"	1	5	"BP"
"183"	"GO:0010564"	"regulation of cell cycle process"	323	315	300.7	"0.01180"	0.730234337349398	1	"BP"
"184"	"GO:0010595"	"positive regulation of endothelial cell ..."	56	56	52.13	"0.01798"	0.927437755102041	1	"BP"
"185"	"GO:0010608"	"posttranscriptional regulation of gene e..."	223	175	154.27	"0.00080"	0.0709473684210526	2	"BP"
"186"	"GO:0010629"	"negative regulation of gene expression"	848	634	586.63	"0.01116"	0.444914338235294	2	"BP"
"187"	"GO:0010658"	"striated muscle cell apoptotic process"	31	31	25.55	"0.00248"	0.773117647058824	3	"BP"
"188"	"GO:0010811"	"positive regulation of cell-substrate ad..."	72	67	58.7	"0.00476"	1	7	"BP"
"189"	"GO:0010827"	"regulation of glucose transmembrane tran..."	48	48	44.69	"0.03197"	1	1	"BP"
"190"	"GO:0010951"	"negative regulation of endopeptidase act..."	124	122	115.44	"0.00705"	0.524084558823529	1	"BP"
"191"	"GO:0010959"	"regulation of metal ion transport"	235	232	226.71	"0.04569"	1	4	"BP"
"192"	"GO:0010970"	"transport along microtubule"	85	78	69.3	"0.00545"	1	7	"BP"
"193"	"GO:0014009"	"glial cell proliferation"	33	33	27.2	"0.00168"	0.772036363636364	3	"BP"
"194"	"GO:0014014"	"negative regulation of gliogenesis"	26	25	21.43	"0.04286"	1	3	"BP"
"195"	"GO:0014031"	"mesenchymal cell development"	50	47	40.76	"0.01097"	1	7	"BP"
"196"	"GO:0014065"	"phosphatidylinositol 3-kinase signaling"	73	72	67.96	"0.03412"	1	1	"BP"
"197"	"GO:0014074"	"response to purine-containing compound"	84	84	78.78	"0.00444"	1	8	"BP"
"198"	"GO:0014823"	"response to activity"	45	45	41.89	"0.03967"	1	1	"BP"
"199"	"GO:0014855"	"striated muscle cell proliferation"	42	39	34.62	"0.04756"	1	3	"BP"
"200"	"GO:0014911"	"positive regulation of smooth muscle cel..."	38	33	26.29	"0.01035"	0.425359756097561	2	"BP"
"201"	"GO:0014912"	"negative regulation of smooth muscle cel..."	17	16	11.76	"0.01625"	0.530621818181818	2	"BP"
"202"	"GO:0015698"	"inorganic anion transport"	80	74	68.13	"0.03888"	1	5	"BP"
"203"	"GO:0015804"	"neutral amino acid transport"	22	22	18.74	"0.02909"	1	5	"BP"
"204"	"GO:0015807"	"L-amino acid transport"	35	34	29.81	"0.02551"	1	5	"BP"
"205"	"GO:0015833"	"peptide transport"	949	928	883.49	"0.02486"	1	1	"BP"
"206"	"GO:0015986"	"ATP synthesis coupled proton transport"	11	11	7.61	"0.01732"	0.530621818181818	2	"BP"
"207"	"GO:0016064"	"immunoglobulin mediated immune response"	64	59	54.51	"0.03822"	1	5	"BP"
"208"	"GO:0016070"	"RNA metabolic process"	2068	1975	1925.24	"0.01300"	0.734333870967742	1	"BP"
"209"	"GO:0016071"	"mRNA metabolic process"	317	310	295.12	"0.00281"	0.286113	1	"BP"
"210"	"GO:0016079"	"synaptic vesicle exocytosis"	66	60	54.4	"0.04146"	1	3	"BP"
"211"	"GO:0016125"	"sterol metabolic process"	63	60	51.93	"0.00246"	0.773117647058824	3	"BP"
"212"	"GO:0016331"	"morphogenesis of embryonic epithelium"	95	87	77.45	"0.00486"	1	7	"BP"
"213"	"GO:0016331"	"morphogenesis of embryonic epithelium"	95	87	80.91	"0.04519"	1	5	"BP"
"214"	"GO:0016338"	"calcium-independent cell-cell adhesion v..."	17	17	13.86	"0.03093"	1	7	"BP"
"215"	"GO:0016571"	"histone methylation"	74	68	60.33	"0.03016"	1	7	"BP"
"216"	"GO:0016999"	"antibiotic metabolic process"	72	68	61.32	"0.01263"	1	5	"BP"
"217"	"GO:0016999"	"antibiotic metabolic process"	72	71	67.03	"0.03624"	1	1	"BP"
"218"	"GO:0016999"	"antibiotic metabolic process"	72	72	67.52	"0.00965"	1	8	"BP"
"219"	"GO:0017038"	"protein import"	118	117	109.85	"0.00201"	0.236291860465116	1	"BP"
"220"	"GO:0017158"	"regulation of calcium ion-dependent exoc..."	60	55	49.46	"0.03498"	1	3	"BP"
"221"	"GO:0018130"	"heterocycle biosynthetic process"	1900	1806	1768.84	"0.00362"	0.332185714285714	1	"BP"
"222"	"GO:0018210"	"peptidyl-threonine modification"	66	54	45.66	"0.02528"	0.683371122994652	2	"BP"
"223"	"GO:0018958"	"phenol-containing compound metabolic pro..."	45	43	38.32	"0.03996"	1	5	"BP"
"224"	"GO:0019221"	"cytokine-mediated signaling pathway"	233	211	198.43	"0.02198"	1	5	"BP"
"225"	"GO:0019221"	"cytokine-mediated signaling pathway"	233	227	218.51	"0.03694"	1	8	"BP"
"226"	"GO:0019236"	"response to pheromone"	16	16	11.07	"0.00273"	0.164138823529412	2	"BP"
"227"	"GO:0019236"	"response to pheromone"	16	16	13.19	"0.04532"	1	3	"BP"
"228"	"GO:0019395"	"fatty acid oxidation"	52	51	42.39	"0.00030"	0.25275	7	"BP"
"229"	"GO:0019674"	"NAD metabolic process"	26	25	21.43	"0.04286"	1	3	"BP"
"230"	"GO:0019722"	"calcium-mediated signaling"	117	114	109.73	"0.02919"	1	8	"BP"
"231"	"GO:0019884"	"antigen processing and presentation of e..."	15	14	10.38	"0.03045"	0.75825	2	"BP"
"232"	"GO:0019885"	"antigen processing and presentation of e..."	18	18	14.84	"0.03077"	1	3	"BP"
"233"	"GO:0019932"	"second-messenger-mediated signaling"	221	219	213.2	"0.02366"	1	4	"BP"
"234"	"GO:0019941"	"modification-dependent protein catabolic..."	314	245	217.22	"0.00024"	0.02696	2	"BP"
"235"	"GO:0021515"	"cell differentiation in spinal cord"	20	20	16.3	"0.01674"	1	7	"BP"
"236"	"GO:0021515"	"cell differentiation in spinal cord"	20	20	17.03	"0.04014"	1	5	"BP"
"237"	"GO:0021517"	"ventral spinal cord development"	20	20	16.3	"0.01674"	1	7	"BP"
"238"	"GO:0021575"	"hindbrain morphogenesis"	21	21	17.31	"0.01721"	1	3	"BP"
"239"	"GO:0021915"	"neural tube development"	99	88	80.71	"0.03288"	1	7	"BP"
"240"	"GO:0021953"	"central nervous system neuron differenti..."	73	68	59.51	"0.02063"	1	7	"BP"
"241"	"GO:0022610"	"biological adhesion"	692	682	667.58	"0.00383"	1	4	"BP"
"242"	"GO:0022613"	"ribonucleoprotein complex biogenesis"	228	227	212.26	"0.00450"	0.392198275862069	1	"BP"
"243"	"GO:0022900"	"electron transport chain"	62	62	57.72	"0.03942"	1	1	"BP"
"244"	"GO:0030011"	"maintenance of cell polarity"	10	10	6.92	"0.02504"	0.680522580645161	2	"BP"
"245"	"GO:0030029"	"actin filament-based process"	400	391	372.39	"0.00079"	0.121013636363636	1	"BP"
"246"	"GO:0030031"	"cell projection assembly"	303	296	282.08	"0.00052"	0.0906413793103448	1	"BP"
"247"	"GO:0030031"	"cell projection assembly"	303	301	292.31	"0.00121"	1	4	"BP"
"248"	"GO:0030099"	"myeloid cell differentiation"	209	207	201.62	"0.01481"	1	4	"BP"
"249"	"GO:0030101"	"natural killer cell activation"	41	38	28.36	"0.00030"	0.0322659574468085	2	"BP"
"250"	"GO:0030111"	"regulation of Wnt signaling pathway"	153	148	142.44	"0.04840"	1	1	"BP"
"251"	"GO:0030155"	"regulation of cell adhesion"	397	388	369.59	"0.00022"	0.044484	1	"BP"
"252"	"GO:0030166"	"proteoglycan biosynthetic process"	28	28	22.83	"0.00325"	1	7	"BP"
"253"	"GO:0030178"	"negative regulation of Wnt signaling pat..."	82	81	76.9	"0.03277"	1	8	"BP"
"254"	"GO:0030183"	"B cell differentiation"	73	65	50.5	"0.00068"	0.0636555555555556	2	"BP"
"255"	"GO:0030216"	"keratinocyte differentiation"	46	46	39.18	"0.00061"	0.513925	5	"BP"
"256"	"GO:0030219"	"megakaryocyte differentiation"	19	17	13.14	"0.03939"	0.921835416666667	2	"BP"
"257"	"GO:0030258"	"lipid modification"	127	125	119.1	"0.01241"	1	8	"BP"
"258"	"GO:0030258"	"lipid modification"	127	127	118.23	"0.00011"	0.0264785714285714	1	"BP"
"259"	"GO:0030260"	"entry into host cell"	41	39	34.92	"0.04530"	1	5	"BP"
"260"	"GO:0030261"	"chromosome condensation"	20	18	13.84	"0.02988"	0.75825	2	"BP"
"261"	"GO:0030301"	"cholesterol transport"	38	36	31.32	"0.02636"	1	3	"BP"
"262"	"GO:0030317"	"flagellated sperm motility"	53	49	43.69	"0.03200"	1	3	"BP"
"263"	"GO:0030509"	"BMP signaling pathway"	88	79	72.54	"0.04032"	1	3	"BP"
"264"	"GO:0030705"	"cytoskeleton-dependent intracellular tra..."	92	91	85.65	"0.03919"	1	1	"BP"
"265"	"GO:0031023"	"microtubule organizing center organizati..."	70	70	65.17	"0.00656"	0.500218656716418	1	"BP"
"266"	"GO:0031032"	"actomyosin structure organization"	101	92	82.34	"0.00578"	1	7	"BP"
"267"	"GO:0031076"	"embryonic camera-type eye development"	17	17	14.01	"0.03734"	1	3	"BP"
"268"	"GO:0031100"	"animal organ regeneration"	46	38	31.82	"0.03001"	0.75825	2	"BP"
"269"	"GO:0031110"	"regulation of microtubule polymerization..."	44	41	35.87	"0.02643"	1	7	"BP"
"270"	"GO:0031341"	"regulation of cell killing"	59	56	50.25	"0.01704"	1	5	"BP"
"271"	"GO:0031343"	"positive regulation of cell killing"	44	44	40.96	"0.04263"	1	1	"BP"
"272"	"GO:0031347"	"regulation of defense response"	360	358	354.07	"0.0397"	1	6	"BP"
"273"	"GO:0031349"	"positive regulation of defense response"	223	205	189.92	"0.03018"	1	5	"BP"
"274"	"GO:0031398"	"positive regulation of protein ubiquitin..."	62	58	52.8	"0.03666"	1	5	"BP"
"275"	"GO:0031503"	"protein-containing complex localization"	125	123	116.37	"0.04350"	1	1	"BP"
"276"	"GO:0031572"	"G2 DNA damage checkpoint"	17	16	11.76	"0.01625"	0.530621818181818	2	"BP"
"277"	"GO:0031638"	"zymogen activation"	30	27	20.75	"0.00720"	0.322810526315789	2	"BP"
"278"	"GO:0031647"	"regulation of protein stability"	151	119	104.46	"0.00514"	0.265129591836735	2	"BP"
"279"	"GO:0031647"	"regulation of protein stability"	151	150	140.58	"0.00023"	0.0447173076923077	1	"BP"
"280"	"GO:0032069"	"regulation of nuclease activity"	19	19	13.14	"0.00090"	0.0733790322580645	2	"BP"
"281"	"GO:0032088"	"negative regulation of NF-kappaB transcr..."	40	36	27.67	"0.00181"	0.125709868421053	2	"BP"
"282"	"GO:0032092"	"positive regulation of protein binding"	60	56	49.46	"0.01301"	1	3	"BP"
"283"	"GO:0032101"	"regulation of response to external stimu..."	436	430	420.61	"0.00577"	1	4	"BP"
"284"	"GO:0032101"	"regulation of response to external stimu..."	436	435	428.81	"0.0076"	1	6	"BP"
"285"	"GO:0032103"	"positive regulation of response to exter..."	190	187	176.88	"0.00065"	0.109525	1	"BP"
"286"	"GO:0032239"	"regulation of nucleobase-containing comp..."	11	11	7.61	"0.01732"	0.530621818181818	2	"BP"
"287"	"GO:0032259"	"methylation"	171	165	159.2	"0.02433"	1	1	"BP"
"288"	"GO:0032303"	"regulation of icosanoid secretion"	17	16	11.76	"0.01625"	0.530621818181818	2	"BP"
"289"	"GO:0032330"	"regulation of chondrocyte differentiatio..."	27	26	22.01	"0.02849"	1	7	"BP"
"290"	"GO:0032386"	"regulation of intracellular transport"	254	250	236.47	"0.04733"	1	1	"BP"
"291"	"GO:0032411"	"positive regulation of transporter activ..."	66	60	54.4	"0.04146"	1	3	"BP"
"292"	"GO:0032446"	"protein modification by small protein co..."	407	308	281.55	"0.00275"	0.164138823529412	2	"BP"
"293"	"GO:0032446"	"protein modification by small protein co..."	407	396	378.9	"0.00011"	0.0264785714285714	1	"BP"
"294"	"GO:0032607"	"interferon-alpha production"	24	23	16.6	"0.00167"	0.118899295774648	2	"BP"
"295"	"GO:0032609"	"interferon-gamma production"	63	61	53.65	"0.00281"	1	5	"BP"
"296"	"GO:0032615"	"interleukin-12 production"	29	26	20.06	"0.00946"	0.397715702479339	2	"BP"
"297"	"GO:0032616"	"interleukin-13 production"	16	16	13.19	"0.04532"	1	3	"BP"
"298"	"GO:0032623"	"interleukin-2 production"	39	35	26.98	"0.00238"	0.146718292682927	2	"BP"
"299"	"GO:0032635"	"interleukin-6 production"	91	87	77.5	"0.00140"	1	5	"BP"
"300"	"GO:0032651"	"regulation of interleukin-1 beta product..."	42	38	29.05	"0.00105"	0.08293359375	2	"BP"
"301"	"GO:0032651"	"regulation of interleukin-1 beta product..."	42	40	35.77	"0.04022"	1	5	"BP"
"302"	"GO:0032675"	"regulation of interleukin-6 production"	87	75	60.18	"0.00063"	0.0600877358490566	2	"BP"
"303"	"GO:0032787"	"monocarboxylic acid metabolic process"	288	280	270.09	"0.00871"	1	8	"BP"
"304"	"GO:0032801"	"receptor catabolic process"	15	15	12.23	"0.04658"	1	7	"BP"
"305"	"GO:0032874"	"positive regulation of stress-activated ..."	90	71	62.26	"0.02642"	0.702911052631579	2	"BP"
"306"	"GO:0032963"	"collagen metabolic process"	63	51	43.58	"0.02913"	0.75825	2	"BP"
"307"	"GO:0033137"	"negative regulation of peptidyl-serine p..."	18	18	14.67	"0.02521"	1	7	"BP"
"308"	"GO:0033138"	"positive regulation of peptidyl-serine p..."	61	57	50.28	"0.01139"	1	3	"BP"
"309"	"GO:0033144"	"negative regulation of intracellular ste..."	17	16	11.76	"0.01625"	0.530621818181818	2	"BP"
"310"	"GO:0033273"	"response to vitamin"	52	50	44.29	"0.01171"	1	5	"BP"
"311"	"GO:0034097"	"response to cytokine"	539	453	372.87	"0.01060"	0.432120967741935	2	"BP"
"312"	"GO:0034101"	"erythrocyte homeostasis"	73	73	67.96	"0.00528"	0.437547540983607	1	"BP"
"313"	"GO:0034248"	"regulation of cellular amide metabolic p..."	193	151	133.51	"0.00453"	0.236073711340206	2	"BP"
"314"	"GO:0034341"	"response to interferon-gamma"	93	93	89.72	"0.04982"	1	4	"BP"
"315"	"GO:0034394"	"protein localization to cell surface"	36	34	29.68	"0.03530"	1	3	"BP"
"316"	"GO:0034405"	"response to fluid shear stress"	21	20	14.53	"0.00448"	0.2359	2	"BP"
"317"	"GO:0034504"	"protein localization to nucleus"	152	122	105.15	"0.00597"	0.290176442307692	2	"BP"
"318"	"GO:0034612"	"response to tumor necrosis factor"	127	124	118.23	"0.03443"	1	1	"BP"
"319"	"GO:0034754"	"cellular hormone metabolic process"	56	56	52.52	"0.02716"	1	8	"BP"
"320"	"GO:0034765"	"regulation of ion transmembrane transpor..."	233	230	224.78	"0.01355"	1	4	"BP"
"321"	"GO:0035025"	"positive regulation of Rho protein signa..."	14	13	9.68	"0.04149"	0.928017477876106	2	"BP"
"322"	"GO:0035051"	"cardiocyte differentiation"	91	91	84.72	"0.00144"	0.18198	1	"BP"
"323"	"GO:0035264"	"multicellular organism growth"	85	77	70.07	"0.02635"	1	3	"BP"
"324"	"GO:0035265"	"organ growth"	101	91	83.26	"0.02169"	1	3	"BP"
"325"	"GO:0035270"	"endocrine system development"	60	55	49.46	"0.03498"	1	3	"BP"
"326"	"GO:0035329"	"hippo signaling"	16	16	13.04	"0.03796"	1	7	"BP"
"327"	"GO:0035329"	"hippo signaling"	16	16	13.19	"0.04532"	1	3	"BP"
"328"	"GO:0035335"	"peptidyl-tyrosine dephosphorylation"	54	51	45.99	"0.03133"	1	5	"BP"
"329"	"GO:0035418"	"protein localization to synapse"	40	39	32.97	"0.02219"	1	3	"BP"
"330"	"GO:0035455"	"response to interferon-alpha"	21	21	17.31	"0.01721"	1	3	"BP"
"331"	"GO:0035455"	"response to interferon-alpha"	21	21	17.88	"0.03417"	1	5	"BP"
"332"	"GO:0035456"	"response to interferon-beta"	39	37	32.15	"0.02274"	1	3	"BP"
"333"	"GO:0035456"	"response to interferon-beta"	39	39	33.21	"0.00188"	1	5	"BP"
"334"	"GO:0035690"	"cellular response to drug"	217	166	150.12	"0.00631"	0.295343055555556	2	"BP"
"335"	"GO:0035690"	"cellular response to drug"	217	209	202.02	"0.01233"	0.734333870967742	1	"BP"
"336"	"GO:0035924"	"cellular response to vascular endothelia..."	34	32	28.03	"0.04705"	1	3	"BP"
"337"	"GO:0035967"	"cellular response to topologically incor..."	65	58	44.97	"0.00313"	0.178912921348315	2	"BP"
"338"	"GO:0036037"	"CD8-positive, alpha-beta T cell activati..."	17	17	11.76	"0.00189"	0.125709868421053	2	"BP"
"339"	"GO:0036119"	"response to platelet-derived growth fact..."	20	18	13.84	"0.02988"	0.75825	2	"BP"
"340"	"GO:0036503"	"ERAD pathway"	60	60	55.86	"0.01348"	0.734333870967742	1	"BP"
"341"	"GO:0040036"	"regulation of fibroblast growth factor r..."	16	16	13.04	"0.03796"	1	7	"BP"
"342"	"GO:0042035"	"regulation of cytokine biosynthetic proc..."	54	52	45.99	"0.00908"	1	5	"BP"
"343"	"GO:0042092"	"type 2 immune response"	27	24	18.68	"0.01619"	0.530621818181818	2	"BP"
"344"	"GO:0042100"	"B cell proliferation"	50	42	34.59	"0.01330"	0.47681914893617	2	"BP"
"345"	"GO:0042110"	"T cell activation"	258	211	178.48	"0.03553"	0.855773349056604	2	"BP"
"346"	"GO:0042113"	"B cell activation"	135	134	130.24	"0.04536"	1	4	"BP"
"347"	"GO:0042119"	"neutrophil activation"	19	19	13.14	"0.00090"	0.0733790322580645	2	"BP"
"348"	"GO:0042127"	"regulation of cell proliferation"	872	834	817.78	"0.01738"	1	8	"BP"
"349"	"GO:0042129"	"regulation of T cell proliferation"	99	93	84.31	"0.01553"	1	5	"BP"
"350"	"GO:0042136"	"neurotransmitter biosynthetic process"	55	53	46.84	"0.00799"	1	5	"BP"
"351"	"GO:0042147"	"retrograde transport, endosome to Golgi"	37	31	25.6	"0.03483"	0.854687621359223	2	"BP"
"352"	"GO:0042157"	"lipoprotein metabolic process"	62	62	57.72	"0.01167"	0.730234337349398	1	"BP"
"353"	"GO:0042267"	"natural killer cell mediated cytotoxicit..."	34	31	23.52	"0.00234"	0.146033333333333	2	"BP"
"354"	"GO:0042326"	"negative regulation of phosphorylation"	252	244	234.6	"0.00758"	0.547384285714286	1	"BP"
"355"	"GO:0042402"	"cellular biogenic amine catabolic proces..."	10	10	6.92	"0.02504"	0.680522580645161	2	"BP"
"356"	"GO:0042493"	"response to drug"	580	561	543.94	"0.00586"	1	8	"BP"
"357"	"GO:0042552"	"myelination"	79	71	65.12	"0.04843"	1	3	"BP"
"358"	"GO:0042554"	"superoxide anion generation"	22	22	18.74	"0.02909"	1	5	"BP"
"359"	"GO:0042698"	"ovulation cycle"	43	36	29.75	"0.02380"	0.680522580645161	2	"BP"
"360"	"GO:0042738"	"exogenous drug catabolic process"	19	19	15.49	"0.02054"	1	7	"BP"
"361"	"GO:0042738"	"exogenous drug catabolic process"	19	19	15.66	"0.02535"	1	3	"BP"
"362"	"GO:0042790"	"nucleolar large rRNA transcription by RN..."	10	10	6.92	"0.02504"	0.680522580645161	2	"BP"
"363"	"GO:0043062"	"extracellular structure organization"	159	155	148.02	"0.01652"	0.879037894736842	1	"BP"
"364"	"GO:0043062"	"extracellular structure organization"	159	159	153.39	"0.00314"	1	4	"BP"
"365"	"GO:0043065"	"positive regulation of apoptotic process"	354	305	291.81	"0.03254"	1	3	"BP"
"366"	"GO:0043066"	"negative regulation of apoptotic process"	479	428	407.94	"0.01708"	1	5	"BP"
"367"	"GO:0043068"	"positive regulation of programmed cell d..."	357	348	332.35	"0.00015"	0.0344659090909091	1	"BP"
"368"	"GO:0043086"	"negative regulation of catalytic activit..."	399	391	384.92	"0.02353"	1	4	"BP"
"369"	"GO:0043200"	"response to amino acid"	62	62	57.72	"0.01167"	0.730234337349398	1	"BP"
"370"	"GO:0043207"	"response to external biotic stimulus"	540	530	520.94	"0.01692"	1	4	"BP"
"371"	"GO:0043248"	"proteasome assembly"	10	10	6.92	"0.02504"	0.680522580645161	2	"BP"
"372"	"GO:0043299"	"leukocyte degranulation"	32	31	22.14	"0.00011"	0.0135621951219512	2	"BP"
"373"	"GO:0043299"	"leukocyte degranulation"	32	31	27.25	"0.03832"	1	5	"BP"
"374"	"GO:0043331"	"response to dsRNA"	32	30	22.14	"0.00085"	0.072455	2	"BP"
"375"	"GO:0043367"	"CD4-positive, alpha-beta T cell differen..."	45	41	31.13	"0.00045"	0.0464234693877551	2	"BP"
"376"	"GO:0043467"	"regulation of generation of precursor me..."	71	71	66.1	"0.00610"	0.474392307692308	1	"BP"
"377"	"GO:0043473"	"pigmentation"	40	37	32.97	"0.04520"	1	3	"BP"
"378"	"GO:0043535"	"regulation of blood vessel endothelial c..."	54	50	44.51	"0.02443"	1	3	"BP"
"379"	"GO:0043543"	"protein acylation"	113	111	105.2	"0.04850"	1	1	"BP"
"380"	"GO:0043551"	"regulation of phosphatidylinositol 3-kin..."	28	25	19.37	"0.01240"	0.45094964028777	2	"BP"
"381"	"GO:0043616"	"keratinocyte proliferation"	19	19	16.18	"0.04715"	1	5	"BP"
"382"	"GO:0043631"	"RNA polyadenylation"	24	21	16.6	"0.03525"	0.855773349056604	2	"BP"
"383"	"GO:0043687"	"post-translational protein modification"	14	13	9.68	"0.04149"	0.928017477876106	2	"BP"
"384"	"GO:0043901"	"negative regulation of multi-organism pr..."	109	92	75.4	"0.04004"	0.928017477876106	2	"BP"
"385"	"GO:0043901"	"negative regulation of multi-organism pr..."	109	108	101.48	"0.00360"	0.332185714285714	1	"BP"
"386"	"GO:0043902"	"positive regulation of multi-organism pr..."	94	73	65.03	"0.04375"	0.965747816593886	2	"BP"
"387"	"GO:0044003"	"modification by symbiont of host morphol..."	19	19	16.18	"0.04715"	1	5	"BP"
"388"	"GO:0044057"	"regulation of system process"	295	271	243.17	"0.01874"	1	3	"BP"
"389"	"GO:0044087"	"regulation of cellular component biogene..."	528	519	509.37	"0.01405"	1	4	"BP"
"390"	"GO:0044271"	"cellular nitrogen compound biosynthetic ..."	2177	2081	2026.71	"0.00283"	0.286113	1	"BP"
"391"	"GO:0044380"	"protein localization to cytoskeleton"	31	30	25.27	"0.01415"	1	7	"BP"
"392"	"GO:0044728"	"DNA methylation or demethylation"	38	33	26.29	"0.01035"	0.425359756097561	2	"BP"
"393"	"GO:0044782"	"cilium organization"	196	180	161.57	"0.00011"	0.278025	3	"BP"
"394"	"GO:0044782"	"cilium organization"	196	194	189.08	"0.02829"	1	4	"BP"
"395"	"GO:0044786"	"cell cycle DNA replication"	25	24	20.38	"0.04018"	1	7	"BP"
"396"	"GO:0044843"	"cell cycle G1/S phase transition"	103	102	95.89	"0.00871"	0.620127464788732	1	"BP"
"397"	"GO:0045058"	"T cell selection"	26	25	17.99	"0.00086"	0.072455	2	"BP"
"398"	"GO:0045123"	"cellular extravasation"	32	30	22.14	"0.00085"	0.072455	2	"BP"
"399"	"GO:0045184"	"establishment of protein localization"	992	972	923.52	"0.02243"	1	1	"BP"
"400"	"GO:0045216"	"cell-cell junction organization"	85	77	70.07	"0.02635"	1	3	"BP"
"401"	"GO:0045351"	"type I interferon biosynthetic process"	12	12	8.3	"0.01197"	0.444914338235294	2	"BP"
"402"	"GO:0045444"	"fat cell differentiation"	127	125	118.23	"0.00592"	0.474392307692308	1	"BP"
"403"	"GO:0045453"	"bone resorption"	37	31	25.6	"0.03483"	0.854687621359223	2	"BP"
"404"	"GO:0045576"	"mast cell activation"	33	32	22.83	"0.03589"	0.855773349056604	2	"BP"
"405"	"GO:0045589"	"regulation of regulatory T cell differen..."	12	12	8.3	"0.01197"	0.444914338235294	2	"BP"
"406"	"GO:0045599"	"negative regulation of fat cell differen..."	28	27	23.08	"0.03099"	1	3	"BP"
"407"	"GO:0045637"	"regulation of myeloid cell differentiati..."	112	97	77.48	"0.00148"	0.108426086956522	2	"BP"
"408"	"GO:0045672"	"positive regulation of osteoclast differ..."	15	14	10.38	"0.03045"	0.75825	2	"BP"
"409"	"GO:0045682"	"regulation of epidermis development"	41	40	34.92	"0.01113"	1	5	"BP"
"410"	"GO:0045686"	"negative regulation of glial cell differ..."	16	16	13.04	"0.03796"	1	7	"BP"
"411"	"GO:0045834"	"positive regulation of lipid metabolic p..."	85	79	70.07	"0.00697"	1	3	"BP"
"412"	"GO:0045834"	"positive regulation of lipid metabolic p..."	85	85	82	"0.04649"	1	4	"BP"
"413"	"GO:0045931"	"positive regulation of mitotic cell cycl..."	90	72	62.26	"0.01449"	0.509361458333333	2	"BP"
"414"	"GO:0045944"	"positive regulation of transcription by ..."	598	517	492.94	"0.00359"	0.878607142857143	3	"BP"
"415"	"GO:0045992"	"negative regulation of embryonic develop..."	15	15	12.23	"0.04658"	1	7	"BP"
"416"	"GO:0046323"	"glucose import"	42	42	39.1	"0.04922"	1	1	"BP"
"417"	"GO:0046390"	"ribose phosphate biosynthetic process"	142	140	132.2	"0.00245"	0.269233695652174	1	"BP"
"418"	"GO:0046434"	"organophosphate catabolic process"	119	116	110.78	"0.04839"	1	1	"BP"
"419"	"GO:0046467"	"membrane lipid biosynthetic process"	55	55	51.2	"0.01932"	0.957476470588235	1	"BP"
"420"	"GO:0046470"	"phosphatidylcholine metabolic process"	20	20	16.49	"0.02089"	1	3	"BP"
"421"	"GO:0046488"	"phosphatidylinositol metabolic process"	77	76	71.68	"0.02676"	1	1	"BP"
"422"	"GO:0046488"	"phosphatidylinositol metabolic process"	77	76	72.21	"0.04295"	1	8	"BP"
"423"	"GO:0046633"	"alpha-beta T cell proliferation"	24	22	16.6	"0.00952"	0.397715702479339	2	"BP"
"424"	"GO:0046677"	"response to antibiotic"	206	200	193.19	"0.04852"	1	8	"BP"
"425"	"GO:0046683"	"response to organophosphorus"	74	74	69.4	"0.00848"	1	8	"BP"
"426"	"GO:0046777"	"protein autophosphorylation"	132	130	122.89	"0.00442"	0.391984210526316	1	"BP"
"427"	"GO:0046782"	"regulation of viral transcription"	24	21	16.6	"0.03525"	0.855773349056604	2	"BP"
"428"	"GO:0046931"	"pore complex assembly"	12	12	8.3	"0.01197"	0.444914338235294	2	"BP"
"429"	"GO:0048008"	"platelet-derived growth factor receptor ..."	41	34	28.36	"0.03588"	0.855773349056604	2	"BP"
"430"	"GO:0048009"	"insulin-like growth factor receptor sign..."	20	20	16.3	"0.01674"	1	7	"BP"
"431"	"GO:0048041"	"focal adhesion assembly"	44	44	40.96	"0.04263"	1	1	"BP"
"432"	"GO:0048147"	"negative regulation of fibroblast prolif..."	18	17	12.45	"0.01181"	0.444914338235294	2	"BP"
"433"	"GO:0048265"	"response to pain"	20	19	13.84	"0.00620"	0.292906542056075	2	"BP"
"434"	"GO:0048286"	"lung alveolus development"	27	27	22.26	"0.00538"	1	3	"BP"
"435"	"GO:0048511"	"rhythmic process"	151	150	145.67	"0.04503"	1	4	"BP"
"436"	"GO:0048525"	"negative regulation of viral process"	61	58	50.28	"0.00332"	0.878607142857143	3	"BP"
"437"	"GO:0048525"	"negative regulation of viral process"	61	61	57.21	"0.01966"	1	8	"BP"
"438"	"GO:0048562"	"embryonic organ morphogenesis"	149	137	121.47	"0.00025"	0.25275	7	"BP"
"439"	"GO:0048585"	"negative regulation of response to stimu..."	842	811	783.87	"0.00125"	0.162019230769231	1	"BP"
"440"	"GO:0048660"	"regulation of smooth muscle cell prolife..."	101	100	94.03	"0.00599"	0.474392307692308	1	"BP"
"441"	"GO:0048706"	"embryonic skeletal system development"	58	55	47.28	"0.00321"	1	7	"BP"
"442"	"GO:0048708"	"astrocyte differentiation"	49	49	45.95	"0.04268"	1	8	"BP"
"443"	"GO:0048709"	"oligodendrocyte differentiation"	47	43	38.32	"0.04875"	1	7	"BP"
"444"	"GO:0048814"	"regulation of dendrite morphogenesis"	51	47	42.04	"0.04097"	1	3	"BP"
"445"	"GO:0048846"	"axon extension involved in axon guidance"	27	26	22.01	"0.02849"	1	7	"BP"
"446"	"GO:0048873"	"homeostasis of number of cells within a ..."	21	19	14.53	"0.02257"	0.661532947976879	2	"BP"
"447"	"GO:0050663"	"cytokine secretion"	139	131	118.38	"0.02225"	1	5	"BP"
"448"	"GO:0050671"	"positive regulation of lymphocyte prolif..."	74	62	51.19	"0.00313"	0.178912921348315	2	"BP"
"449"	"GO:0050672"	"negative regulation of lymphocyte prolif..."	52	50	44.29	"0.01171"	1	5	"BP"
"450"	"GO:0050678"	"regulation of epithelial cell proliferat..."	181	179	168.5	"0.00115"	0.157114864864865	1	"BP"
"451"	"GO:0050684"	"regulation of mRNA processing"	62	57	50.55	"0.01833"	1	7	"BP"
"452"	"GO:0050766"	"positive regulation of phagocytosis"	44	42	37.47	"0.03161"	1	5	"BP"
"453"	"GO:0050772"	"positive regulation of axonogenesis"	51	47	42.04	"0.04097"	1	3	"BP"
"454"	"GO:0050777"	"negative regulation of immune response"	89	85	75.8	"0.00453"	1	5	"BP"
"455"	"GO:0050803"	"regulation of synapse structure or activ..."	136	125	112.11	"0.00360"	0.878607142857143	3	"BP"
"456"	"GO:0050804"	"modulation of chemical synaptic transmis..."	225	205	185.47	"0.00207"	0.773117647058824	3	"BP"
"457"	"GO:0050817"	"coagulation"	82	81	76.34	"0.01969"	0.96633932038835	1	"BP"
"458"	"GO:0050851"	"antigen receptor-mediated signaling path..."	73	72	67.96	"0.03412"	1	1	"BP"
"459"	"GO:0050852"	"T cell receptor signaling pathway"	50	48	42.58	"0.01507"	1	5	"BP"
"460"	"GO:0050866"	"negative regulation of cell activation"	118	118	109.85	"0.00020"	0.042125	1	"BP"
"461"	"GO:0050867"	"positive regulation of cell activation"	173	146	119.68	"0.04994"	1	2	"BP"
"462"	"GO:0050868"	"negative regulation of T cell activation"	70	66	59.62	"0.01579"	1	5	"BP"
"463"	"GO:0050871"	"positive regulation of B cell activation"	44	38	30.44	"0.00725"	0.322810526315789	2	"BP"
"464"	"GO:0050878"	"regulation of body fluid levels"	163	148	138.82	"0.01890"	1	5	"BP"
"465"	"GO:0050900"	"leukocyte migration"	189	189	182.33	"0.00105"	1	4	"BP"
"466"	"GO:0050918"	"positive chemotaxis"	45	43	38.32	"0.03339"	1	5	"BP"
"467"	"GO:0051028"	"mRNA transport"	63	52	43.58	"0.01210"	0.446463503649635	2	"BP"
"468"	"GO:0051054"	"positive regulation of DNA metabolic pro..."	135	132	125.68	"0.03261"	1	1	"BP"
"469"	"GO:0051056"	"regulation of small GTPase mediated sign..."	156	139	127.18	"0.00662"	1	7	"BP"
"470"	"GO:0051091"	"positive regulation of DNA-binding trans..."	149	149	143.74	"0.00452"	1	4	"BP"
"471"	"GO:0051092"	"positive regulation of NF-kappaB transcr..."	87	81	74.09	"0.01907"	1	5	"BP"
"472"	"GO:0051098"	"regulation of binding"	221	217	205.74	"0.00071"	0.115775806451613	1	"BP"
"473"	"GO:0051145"	"smooth muscle cell differentiation"	45	42	37.09	"0.03203"	1	3	"BP"
"474"	"GO:0051188"	"cofactor biosynthetic process"	142	129	120.93	"0.04257"	1	5	"BP"
"475"	"GO:0051220"	"cytoplasmic sequestering of protein"	12	12	8.3	"0.01197"	0.444914338235294	2	"BP"
"476"	"GO:0051225"	"spindle assembly"	43	39	29.75	"0.02953"	0.75825	2	"BP"
"477"	"GO:0051241"	"negative regulation of multicellular org..."	677	664	653.11	"0.00878"	1	4	"BP"
"478"	"GO:0051248"	"negative regulation of protein metabolic..."	607	590	565.1	"0.00050"	0.0902678571428571	1	"BP"
"479"	"GO:0051259"	"protein complex oligomerization"	335	331	323.18	"0.02003"	1	4	"BP"
"480"	"GO:0051259"	"protein complex oligomerization"	335	334	329.48	"0.0241"	1	6	"BP"
"481"	"GO:0051301"	"cell division"	299	231	206.84	"0.00185"	0.125709868421053	2	"BP"
"482"	"GO:0051303"	"establishment of chromosome localization"	43	42	36.62	"0.00840"	1	5	"BP"
"483"	"GO:0051341"	"regulation of oxidoreductase activity"	51	51	47.83	"0.03751"	1	8	"BP"
"484"	"GO:0051348"	"negative regulation of transferase activ..."	146	142	135.92	"0.02326"	1	1	"BP"
"485"	"GO:0051383"	"kinetochore organization"	14	13	9.68	"0.04149"	0.928017477876106	2	"BP"
"486"	"GO:0051494"	"negative regulation of cytoskeleton orga..."	76	69	61.96	"0.01992"	1	7	"BP"
"487"	"GO:0051570"	"regulation of histone H3-K9 methylation"	17	17	13.86	"0.03093"	1	7	"BP"
"488"	"GO:0051573"	"negative regulation of histone H3-K9 met..."	10	10	6.92	"0.02504"	0.680522580645161	2	"BP"
"489"	"GO:0051606"	"detection of stimulus"	232	232	228.18	"0.0230"	1	6	"BP"
"490"	"GO:0051607"	"defense response to virus"	144	129	118.7	"0.01800"	1	3	"BP"
"491"	"GO:0051646"	"mitochondrion localization"	22	20	17.94	"0.04664"	1	7	"BP"
"492"	"GO:0051647"	"nucleus localization"	15	15	12.23	"0.04658"	1	7	"BP"
"493"	"GO:0051650"	"establishment of vesicle localization"	125	123	116.37	"0.03370"	1	1	"BP"
"494"	"GO:0051668"	"localization within membrane"	86	84	80.06	"0.04600"	1	1	"BP"
"495"	"GO:0051930"	"regulation of sensory perception of pain"	22	22	18.74	"0.02909"	1	5	"BP"
"496"	"GO:0051932"	"synaptic transmission, GABAergic"	19	19	16.18	"0.04715"	1	5	"BP"
"497"	"GO:0051966"	"regulation of synaptic transmission, glu..."	28	24	19.37	"0.03894"	0.915542790697675	2	"BP"
"498"	"GO:0051969"	"regulation of transmission of nerve impu..."	11	11	7.61	"0.01732"	0.530621818181818	2	"BP"
"499"	"GO:0055001"	"muscle cell development"	83	83	77.27	"0.00257"	0.270653125	1	"BP"
"500"	"GO:0055008"	"cardiac muscle tissue morphogenesis"	39	37	32.15	"0.02274"	1	3	"BP"
"501"	"GO:0055072"	"iron ion homeostasis"	45	43	38.32	"0.02799"	1	5	"BP"
"502"	"GO:0055078"	"sodium ion homeostasis"	26	25	21.2	"0.03385"	1	7	"BP"
"503"	"GO:0055080"	"cation homeostasis"	380	369	356.37	"0.01666"	1	8	"BP"
"504"	"GO:0055082"	"cellular chemical homeostasis"	407	394	381.69	"0.04393"	1	8	"BP"
"505"	"GO:0055086"	"nucleobase-containing small molecule met..."	376	365	350.04	"0.03451"	1	1	"BP"
"506"	"GO:0055088"	"lipid homeostasis"	65	65	60.51	"0.01923"	0.957476470588235	1	"BP"
"507"	"GO:0055114"	"oxidation-reduction process"	531	465	432.9	"0.01262"	1	7	"BP"
"508"	"GO:0055114"	"oxidation-reduction process"	531	529	522.25	"0.0160"	1	6	"BP"
"509"	"GO:0060042"	"retina morphogenesis in camera-type eye"	22	22	18.74	"0.02909"	1	5	"BP"
"510"	"GO:0060045"	"positive regulation of cardiac muscle ce..."	16	15	11.07	"0.02228"	0.658628070175439	2	"BP"
"511"	"GO:0060070"	"canonical Wnt signaling pathway"	146	129	120.35	"0.03231"	1	3	"BP"
"512"	"GO:0060074"	"synapse maturation"	15	15	12.23	"0.04658"	1	7	"BP"
"513"	"GO:0060078"	"regulation of postsynaptic membrane pote..."	56	54	46.16	"0.00162"	0.772036363636364	3	"BP"
"514"	"GO:0060142"	"regulation of syncytium formation by pla..."	20	20	13.84	"0.00062"	0.0600877358490566	2	"BP"
"515"	"GO:0060173"	"limb development"	89	84	72.56	"0.00040"	0.288857142857143	7	"BP"
"516"	"GO:0060216"	"definitive hemopoiesis"	11	11	7.61	"0.01732"	0.530621818181818	2	"BP"
"517"	"GO:0060285"	"cilium-dependent cell motility"	20	20	16.3	"0.01674"	1	7	"BP"
"518"	"GO:0060285"	"cilium-dependent cell motility"	20	20	16.49	"0.02089"	1	3	"BP"
"519"	"GO:0060306"	"regulation of membrane repolarization"	16	16	13.19	"0.04532"	1	3	"BP"
"520"	"GO:0060326"	"cell chemotaxis"	173	173	166.89	"0.00188"	1	4	"BP"
"521"	"GO:0060390"	"regulation of SMAD protein signal transd..."	18	18	14.67	"0.02521"	1	7	"BP"
"522"	"GO:0060401"	"cytosolic calcium ion transport"	108	106	101.29	"0.03201"	1	8	"BP"
"523"	"GO:0060416"	"response to growth hormone"	17	17	14.01	"0.03734"	1	3	"BP"
"524"	"GO:0060428"	"lung epithelium development"	27	26	22.26	"0.03646"	1	3	"BP"
"525"	"GO:0060538"	"skeletal muscle organ development"	83	79	68.42	"0.00050"	0.42125	3	"BP"
"526"	"GO:0060541"	"respiratory system development"	135	132	125.68	"0.03965"	1	1	"BP"
"527"	"GO:0060760"	"positive regulation of response to cytok..."	37	33	25.6	"0.00407"	0.216566842105263	2	"BP"
"528"	"GO:0060968"	"regulation of gene silencing"	43	36	29.75	"0.01148"	0.444914338235294	2	"BP"
"529"	"GO:0061024"	"membrane organization"	349	341	324.91	"0.00356"	0.332185714285714	1	"BP"
"530"	"GO:0061041"	"regulation of wound healing"	70	63	57.7	"0.02771"	1	3	"BP"
"531"	"GO:0061097"	"regulation of protein tyrosine kinase ac..."	49	49	45.62	"0.02975"	1	1	"BP"
"532"	"GO:0061512"	"protein localization to cilium"	28	27	23.08	"0.03099"	1	3	"BP"
"533"	"GO:0061756"	"leukocyte adhesion to vascular endotheli..."	17	17	11.76	"0.00189"	0.125709868421053	2	"BP"
"534"	"GO:0061900"	"glial cell activation"	34	33	28.96	"0.02924"	1	5	"BP"
"535"	"GO:0062012"	"regulation of small molecule metabolic p..."	185	183	172.23	"0.01059"	0.695226623376623	1	"BP"
"536"	"GO:0065004"	"protein-DNA complex assembly"	81	68	56.03	"0.00662"	0.307010091743119	2	"BP"
"537"	"GO:0070059"	"intrinsic apoptotic signaling pathway in..."	41	34	28.36	"0.03588"	0.855773349056604	2	"BP"
"538"	"GO:0070198"	"protein localization to chromosome, telo..."	14	13	9.68	"0.04149"	0.928017477876106	2	"BP"
"539"	"GO:0070232"	"regulation of T cell apoptotic process"	21	21	17.88	"0.03417"	1	5	"BP"
"540"	"GO:0070252"	"actin-mediated cell contraction"	54	52	44.51	"0.00223"	0.773117647058824	3	"BP"
"541"	"GO:0070269"	"pyroptosis"	12	12	8.3	"0.01197"	0.444914338235294	2	"BP"
"542"	"GO:0070371"	"ERK1 and ERK2 cascade"	182	176	169.44	"0.02789"	1	1	"BP"
"543"	"GO:0070372"	"regulation of ERK1 and ERK2 cascade"	172	171	165.93	"0.01446"	1	4	"BP"
"544"	"GO:0070431"	"nucleotide-binding oligomerization domai..."	10	10	6.92	"0.02504"	0.680522580645161	2	"BP"
"545"	"GO:0070482"	"response to oxygen levels"	187	182	174.09	"0.00892"	0.626258333333333	1	"BP"
"546"	"GO:0070555"	"response to interleukin-1"	76	75	71.27	"0.04532"	1	8	"BP"
"547"	"GO:0070613"	"regulation of protein processing"	42	35	29.05	"0.02928"	0.75825	2	"BP"
"548"	"GO:0070646"	"protein modification by small protein re..."	74	65	51.19	"0.00015"	0.0176337209302326	2	"BP"
"549"	"GO:0070848"	"response to growth factor"	375	361	349.11	"0.01292"	0.734333870967742	1	"BP"
"550"	"GO:0070918"	"production of small RNA involved in gene..."	28	28	23.08	"0.00443"	0.973636956521739	3	"BP"
"551"	"GO:0071168"	"protein localization to chromatin"	20	19	13.84	"0.00620"	0.292906542056075	2	"BP"
"552"	"GO:0071216"	"cellular response to biotic stimulus"	138	135	128.47	"0.01182"	0.730234337349398	1	"BP"
"553"	"GO:0071229"	"cellular response to acid chemical"	105	103	97.75	"0.02071"	0.980764485981308	1	"BP"
"554"	"GO:0071242"	"cellular response to ammonium ion"	26	23	17.99	"0.02107"	0.63398125	2	"BP"
"555"	"GO:0071312"	"cellular response to alkaloid"	20	18	13.84	"0.02988"	0.75825	2	"BP"
"556"	"GO:0071346"	"cellular response to interferon-gamma"	74	74	68.89	"0.00491"	0.420678813559322	1	"BP"
"557"	"GO:0071347"	"cellular response to interleukin-1"	56	56	52.13	"0.01798"	0.927437755102041	1	"BP"
"558"	"GO:0071356"	"cellular response to tumor necrosis fact..."	115	95	79.55	"0.00074"	0.0667982142857143	2	"BP"
"559"	"GO:0071391"	"cellular response to estrogen stimulus"	14	14	9.68	"0.00572"	0.28072427184466	2	"BP"
"560"	"GO:0071396"	"cellular response to lipid"	299	290	278.36	"0.01260"	0.734333870967742	1	"BP"
"561"	"GO:0071398"	"cellular response to fatty acid"	32	28	22.14	"0.00951"	0.397715702479339	2	"BP"
"562"	"GO:0071407"	"cellular response to organic cyclic comp..."	275	266	256.02	"0.03428"	1	1	"BP"
"563"	"GO:0071674"	"mononuclear cell migration"	50	47	34.59	"0.00695"	0.319384090909091	2	"BP"
"564"	"GO:0071674"	"mononuclear cell migration"	50	50	46.55	"0.02769"	1	1	"BP"
"565"	"GO:0071695"	"anatomical structure maturation"	77	72	65.58	"0.02052"	1	5	"BP"
"566"	"GO:0071826"	"ribonucleoprotein complex subunit organi..."	120	98	83.01	"0.00134"	0.0996132352941177	2	"BP"
"567"	"GO:0071868"	"cellular response to monoamine stimulus"	15	14	10.38	"0.03045"	0.75825	2	"BP"
"568"	"GO:0071887"	"leukocyte apoptotic process"	61	53	42.2	"0.00112"	0.0867649253731343	2	"BP"
"569"	"GO:0071902"	"positive regulation of protein serine/th..."	173	136	119.68	"0.00728"	0.322810526315789	2	"BP"
"570"	"GO:0072073"	"kidney epithelium development"	86	81	70.89	"0.01392"	1	3	"BP"
"571"	"GO:0072175"	"epithelial tube formation"	84	77	68.48	"0.00752"	1	7	"BP"
"572"	"GO:0072329"	"monocarboxylic acid catabolic process"	54	54	50.27	"0.02076"	0.980764485981308	1	"BP"
"573"	"GO:0072331"	"signal transduction by p53 class mediato..."	75	74	69.82	"0.03022"	1	1	"BP"
"574"	"GO:0072503"	"cellular divalent inorganic cation homeo..."	259	258	249.86	"0.00085"	1	4	"BP"
"575"	"GO:0072511"	"divalent inorganic cation transport"	264	261	254.68	"0.00483"	1	4	"BP"
"576"	"GO:0072538"	"T-helper 17 type immune response"	19	18	13.14	"0.00857"	0.373459913793103	2	"BP"
"577"	"GO:0072538"	"T-helper 17 type immune response"	19	19	16.18	"0.04715"	1	5	"BP"
"578"	"GO:0072577"	"endothelial cell apoptotic process"	31	31	26.4	"0.00682"	1	5	"BP"
"579"	"GO:0072594"	"establishment of protein localization to..."	209	164	144.58	"0.00570"	0.28072427184466	2	"BP"
"580"	"GO:0072659"	"protein localization to plasma membrane"	149	132	122.82	"0.02535"	1	3	"BP"
"581"	"GO:0086065"	"cell communication involved in cardiac c..."	19	19	15.66	"0.02535"	1	3	"BP"
"582"	"GO:0090026"	"positive regulation of monocyte chemotax..."	15	15	10.38	"0.00396"	0.212955319148936	2	"BP"
"583"	"GO:0090068"	"positive regulation of cell cycle proces..."	140	115	96.85	"0.00025"	0.0274728260869565	2	"BP"
"584"	"GO:0090075"	"relaxation of muscle"	16	16	13.19	"0.04532"	1	3	"BP"
"585"	"GO:0090114"	"COPII-coated vesicle budding"	11	11	7.61	"0.01732"	0.530621818181818	2	"BP"
"586"	"GO:0090239"	"regulation of histone H4 acetylation"	11	11	7.61	"0.01732"	0.530621818181818	2	"BP"
"587"	"GO:0090257"	"regulation of muscle system process"	119	111	98.09	"0.00047"	0.42125	3	"BP"
"588"	"GO:0090305"	"nucleic acid phosphodiester bond hydroly..."	125	104	86.47	"0.00024"	0.02696	2	"BP"
"589"	"GO:0090307"	"mitotic spindle assembly"	25	23	17.29	"0.00710"	0.322810526315789	2	"BP"
"590"	"GO:0090343"	"positive regulation of cell aging"	10	10	6.92	"0.02504"	0.680522580645161	2	"BP"
"591"	"GO:0090398"	"cellular senescence"	41	35	28.36	"0.01451"	0.509361458333333	2	"BP"
"592"	"GO:0097120"	"receptor localization to synapse"	29	29	23.91	"0.00365"	0.878607142857143	3	"BP"
"593"	"GO:0097191"	"extrinsic apoptotic signaling pathway"	126	117	107.31	"0.02200"	1	5	"BP"
"594"	"GO:0097193"	"intrinsic apoptotic signaling pathway"	160	144	136.26	"0.04400"	1	5	"BP"
"595"	"GO:0097300"	"programmed necrotic cell death"	29	26	20.06	"0.00946"	0.397715702479339	2	"BP"
"596"	"GO:0097305"	"response to alcohol"	143	143	137.95	"0.00563"	1	4	"BP"
"597"	"GO:0097306"	"cellular response to alcohol"	55	55	51.2	"0.01932"	0.957476470588235	1	"BP"
"598"	"GO:0097327"	"response to antineoplastic agent"	56	45	38.74	"0.04322"	0.962454185022026	2	"BP"
"599"	"GO:0097329"	"response to antimetabolite"	10	10	6.92	"0.02504"	0.680522580645161	2	"BP"
"600"	"GO:0097435"	"supramolecular fiber organization"	346	337	322.11	"0.00663"	0.500218656716418	1	"BP"
"601"	"GO:0097485"	"neuron projection guidance"	121	108	99.74	"0.03668"	1	3	"BP"
"602"	"GO:0097530"	"granulocyte migration"	78	78	72.62	"0.00368"	0.332185714285714	1	"BP"
"603"	"GO:0097581"	"lamellipodium organization"	45	38	31.13	"0.01557"	0.530621818181818	2	"BP"
"604"	"GO:0097746"	"regulation of blood vessel diameter"	80	79	75.03	"0.03653"	1	8	"BP"
"605"	"GO:0098732"	"macromolecule deacylation"	57	57	53.07	"0.01673"	0.8809390625	1	"BP"
"606"	"GO:0098742"	"cell-cell adhesion via plasma-membrane a..."	115	104	94.8	"0.01167"	1	3	"BP"
"607"	"GO:0098771"	"inorganic ion homeostasis"	388	377	363.88	"0.01236"	1	8	"BP"
"608"	"GO:0099054"	"presynapse assembly"	20	20	16.49	"0.02089"	1	3	"BP"
"609"	"GO:0099132"	"ATP hydrolysis coupled cation transmembr..."	29	28	23.91	"0.02631"	1	3	"BP"
"610"	"GO:0099173"	"postsynapse organization"	94	87	77.49	"0.00391"	0.898411363636364	3	"BP"
"611"	"GO:0099565"	"chemical synaptic transmission, postsyna..."	49	47	40.39	"0.00494"	0.998868	3	"BP"
"612"	"GO:0198738"	"cell-cell signaling by wnt"	207	186	168.76	"0.00063"	0.39808125	7	"BP"
"613"	"GO:1900006"	"positive regulation of dendrite developm..."	50	50	46.55	"0.02769"	1	1	"BP"
"614"	"GO:1900024"	"regulation of substrate adhesion-depende..."	26	26	22.14	"0.01527"	1	5	"BP"
"615"	"GO:1900101"	"regulation of endoplasmic reticulum unfo..."	14	14	9.68	"0.00572"	0.28072427184466	2	"BP"
"616"	"GO:1900744"	"regulation of p38MAPK cascade"	20	20	17.03	"0.04014"	1	5	"BP"
"617"	"GO:1901016"	"regulation of potassium ion transmembran..."	35	34	28.85	"0.00969"	1	3	"BP"
"618"	"GO:1901136"	"carbohydrate derivative catabolic proces..."	70	69	65.17	"0.01351"	0.734333870967742	1	"BP"
"619"	"GO:1901224"	"positive regulation of NIK/NF-kappaB sig..."	45	37	31.13	"0.03647"	0.861475934579439	2	"BP"
"620"	"GO:1901381"	"positive regulation of potassium ion tra..."	19	19	15.49	"0.02054"	1	7	"BP"
"621"	"GO:1901617"	"organic hydroxy compound biosynthetic pr..."	116	116	108.79	"0.00296"	1	8	"BP"
"622"	"GO:1901623"	"regulation of lymphocyte chemotaxis"	15	15	10.38	"0.00396"	0.212955319148936	2	"BP"
"623"	"GO:1901652"	"response to peptide"	264	198	182.63	"0.01474"	0.513866896551724	2	"BP"
"624"	"GO:1901654"	"response to ketone"	110	87	76.1	"0.01318"	0.475892142857143	2	"BP"
"625"	"GO:1901862"	"negative regulation of muscle tissue dev..."	33	32	27.2	"0.01356"	1	3	"BP"
"626"	"GO:1901863"	"positive regulation of muscle tissue dev..."	44	44	40.96	"0.04263"	1	1	"BP"
"627"	"GO:1901890"	"positive regulation of cell junction ass..."	24	24	20.44	"0.02108"	1	5	"BP"
"628"	"GO:1901976"	"regulation of cell cycle checkpoint"	14	14	9.68	"0.00572"	0.28072427184466	2	"BP"
"629"	"GO:1901983"	"regulation of protein acetylation"	44	44	40.96	"0.04263"	1	1	"BP"
"630"	"GO:1902476"	"chloride transmembrane transport"	38	36	30.98	"0.01927"	1	7	"BP"
"631"	"GO:1902750"	"negative regulation of cell cycle G2/M p..."	24	23	16.6	"0.00167"	0.118899295774648	2	"BP"
"632"	"GO:1902803"	"regulation of synaptic vesicle transport"	45	42	37.09	"0.03203"	1	3	"BP"
"633"	"GO:1902882"	"regulation of response to oxidative stre..."	60	56	51.1	"0.04363"	1	5	"BP"
"634"	"GO:1902904"	"negative regulation of supramolecular fi..."	71	65	57.88	"0.01507"	1	7	"BP"
"635"	"GO:1903046"	"meiotic cell cycle process"	80	69	55.34	"0.00071"	0.0652554545454545	2	"BP"
"636"	"GO:1903306"	"negative regulation of regulated secreto..."	10	10	6.92	"0.02504"	0.680522580645161	2	"BP"
"637"	"GO:1903322"	"positive regulation of protein modificat..."	74	60	51.19	"0.01497"	0.518310616438356	2	"BP"
"638"	"GO:1903391"	"regulation of adherens junction organiza..."	42	42	39.1	"0.04922"	1	1	"BP"
"639"	"GO:1903428"	"positive regulation of reactive oxygen s..."	30	26	20.75	"0.02417"	0.680522580645161	2	"BP"
"640"	"GO:1903507"	"negative regulation of nucleic acid-temp..."	616	450	426.14	"0.04120"	0.928017477876106	2	"BP"
"641"	"GO:1903555"	"regulation of tumor necrosis factor supe..."	93	88	79.2	"0.00374"	1	5	"BP"
"642"	"GO:1903578"	"regulation of ATP metabolic process"	54	54	50.27	"0.02076"	0.980764485981308	1	"BP"
"643"	"GO:1903900"	"regulation of viral life cycle"	80	74	65.95	"0.00701"	1	3	"BP"
"644"	"GO:1904018"	"positive regulation of vasculature devel..."	119	118	110.78	"0.00189"	0.233023170731707	1	"BP"
"645"	"GO:1904019"	"epithelial cell apoptotic process"	59	59	54.93	"0.01449"	0.779222872340426	1	"BP"
"646"	"GO:1904031"	"positive regulation of cyclin-dependent ..."	18	17	12.45	"0.01181"	0.444914338235294	2	"BP"
"647"	"GO:1904356"	"regulation of telomere maintenance via t..."	30	26	20.75	"0.02417"	0.680522580645161	2	"BP"
"648"	"GO:1904707"	"positive regulation of vascular smooth m..."	20	18	13.84	"0.02988"	0.75825	2	"BP"
"649"	"GO:1904752"	"regulation of vascular associated smooth..."	15	15	10.38	"0.00396"	0.212955319148936	2	"BP"
"650"	"GO:1904888"	"cranial skeletal system development"	38	36	30.98	"0.01927"	1	7	"BP"
"651"	"GO:1904894"	"positive regulation of STAT cascade"	39	33	26.98	"0.02264"	0.661532947976879	2	"BP"
"652"	"GO:1905523"	"positive regulation of macrophage migrat..."	17	16	11.76	"0.01625"	0.530621818181818	2	"BP"
"653"	"GO:1905809"	"negative regulation of synapse organizat..."	15	15	12.23	"0.04658"	1	7	"BP"
"654"	"GO:1990266"	"neutrophil migration"	66	64	56.21	"0.00267"	1	5	"BP"
"655"	"GO:1990266"	"neutrophil migration"	66	66	61.9	"0.01423"	1	8	"BP"
"656"	"GO:2000045"	"regulation of G1/S transition of mitotic..."	67	54	46.35	"0.02125"	0.635613905325444	2	"BP"
"657"	"GO:2000060"	"positive regulation of ubiquitin-depende..."	60	60	55.86	"0.01348"	0.734333870967742	1	"BP"
"658"	"GO:2000106"	"regulation of leukocyte apoptotic proces..."	49	49	45.62	"0.02975"	1	1	"BP"
"659"	"GO:2000112"	"regulation of cellular macromolecule bio..."	1739	1654	1618.95	"0.01337"	0.734333870967742	1	"BP"
"660"	"GO:2000113"	"negative regulation of cellular macromol..."	696	512	481.48	"0.01422"	0.506211971830986	2	"BP"
"661"	"GO:2000116"	"regulation of cysteine-type endopeptidas..."	135	131	125.68	"0.03890"	1	1	"BP"
"662"	"GO:2000377"	"regulation of reactive oxygen species me..."	121	120	112.65	"0.01038"	0.695226623376623	1	"BP"
"663"	"GO:2000403"	"positive regulation of lymphocyte migrat..."	24	24	16.6	"0.00014"	0.01685	2	"BP"
"664"	"GO:2000514"	"regulation of CD4-positive, alpha-beta T..."	40	39	34.07	"0.01279"	1	5	"BP"
"665"	"GO:2000756"	"regulation of peptidyl-lysine acetylatio..."	38	36	30.98	"0.01927"	1	7	"BP"
"666"	"GO:2001021"	"negative regulation of response to DNA d..."	41	36	28.36	"0.02091"	0.632934431137725	2	"BP"
"667"	"GO:2001242"	"regulation of intrinsic apoptotic signal..."	93	93	86.58	"0.00125"	0.162019230769231	1	"BP"
"668"	"GO:2001257"	"regulation of cation channel activity"	81	81	75.96	"0.00539"	1	8	"BP"
